Country,National SSII,Steward's SSII,National SSEI,Steward's SSEI,ISO3
Afghanistan,0.002,0.002,0.823,0.82,AFG
Åland,0.012,0.015,,,ALA
Albania,0.056,0.048,0.94,0.931,ALB
Algeria,0.008,0.013,0.952,0.969,DZA
Andorra,0.149,0.152,,,AND
Angola,0.005,0.008,0.944,0.949,AGO
Antarctica,0.001,0.001,0.876,0.875,ATA
Antigua and Barbuda,0.059,0.05,,,ATG
Argentina,0.076,0.077,0.942,0.946,ARG
Armenia,0.093,0.1,0.924,0.933,ARM
Australia,0.142,0.163,0.836,0.837,AUS
Austria,0.164,0.191,0.88,0.869,AUT
Azerbaijan,0.049,0.043,0.967,0.973,AZE
Bahamas,0.078,0.12,0.953,0.958,BHS
Bahrain,0.056,0.035,,,BHR
Bangladesh,0.015,0.011,0.891,0.886,BGD
Barbados,0.118,0.052,,,BRB
Belarus,0.05,0.054,0.909,0.909,BLR
Belgium,0.377,0.404,0.686,0.708,BEL
Belize,0.235,0.235,0.873,0.864,BLZ
Benin,0.043,0.037,0.874,0.884,BEN
Bhutan,0.102,0.126,0.931,0.939,BTN
Bolivia,0.029,0.04,0.94,0.934,BOL
Bosnia and Herzegovina,0.047,0.037,0.978,0.982,BIH
Botswana,0.036,0.042,0.955,0.957,BWA
Bouvet Island,0,0,,,BVT
Brazil,0.029,0.034,0.945,0.945,BRA
Brunei,0.022,0.009,0.958,0.959,BRN
Bulgaria,0.106,0.1,0.951,0.958,BGR
Burkina Faso,0.004,0.005,0.923,0.919,BFA
Burundi,0.012,0.01,0.93,0.924,BDI
Cambodia,0.054,0.054,0.879,0.889,KHM
Cameroon,0.019,0.029,0.936,0.934,CMR
Canada,0.127,0.143,0.888,0.893,CAN
Cape Verde,0.084,0.089,0.881,0.87,CPV
Central African Republic,0.001,0.001,1,1,CAF
Chad,0.002,0.002,0.981,0.983,TCD
Chile,0.097,0.13,0.9,0.905,CHL
China,0.01,0.014,0.951,0.949,CHN
Colombia,0.075,0.106,0.894,0.878,COL
Comoros,0.069,0.146,0.985,0.985,COM
Costa Rica,0.24,0.234,0.851,0.84,CRI
Côte d'Ivoire,0.003,0.002,0.969,0.975,CIV
Croatia,0.097,0.093,0.922,0.894,HRV
Cuba,0.086,0.124,0.919,0.918,CUB
Curaçao,0.018,0.035,0.947,0.935,CUW
Cyprus,0.11,0.168,0.905,0.897,CYP
Czech Republic,0.168,0.162,0.933,0.938,CZE
Democratic Republic of the Congo,0.003,0.004,0.948,0.953,COD
Denmark,0.594,0.645,0.831,0.837,DNK
Djibouti,0.009,0.021,0.908,0.854,DJI
Dominica,0.13,0.221,,,DMA
Dominican Republic,0.125,0.169,0.946,0.944,DOM
Ecuador,0.111,0.12,0.888,0.885,ECU
Egypt,0.013,0.014,0.915,0.923,EGY
El Salvador,0.1,0.12,0.922,0.925,SLV
Equatorial Guinea,0.027,0.029,0.932,0.93,GNQ
Eritrea,0.007,0.012,0.938,0.941,ERI
Estonia,0.361,0.358,0.873,0.874,EST
Ethiopia,0.024,0.038,0.961,0.945,ETH
Falkland Islands,0.027,0.032,1,1,FLK
Faroe Islands,0.086,0.035,0.955,0.958,FRO
Fiji,0.063,0.095,0.871,0.847,FJI
Finland,0.203,0.254,0.872,0.875,FIN
France,0.426,0.494,0.807,0.811,FRA
French Guiana,0.034,0.03,0.912,0.922,GUF
French Polynesia,0.114,0.101,0.933,0.886,PYF
French Southern Territories,0.013,0.013,0.713,0.713,ATF
Gabon,0.011,0.01,0.945,0.94,GAB
Gambia,0.102,0.085,0.951,0.941,GMB
Georgia,0.077,0.075,0.925,0.918,GEO
Germany,0.434,0.486,0.826,0.826,DEU
Ghana,0.052,0.053,0.961,0.965,GHA
Greece,0.105,0.121,0.954,0.951,GRC
Greenland,0.002,0.002,0.96,0.957,GRL
Grenada,0.083,0.086,,,GRD
Guadeloupe,0.194,0.236,,,GLP
Guam,0.048,0.031,,,GUM
Guatemala,0.124,0.137,0.901,0.893,GTM
Guinea,0.006,0.006,0.783,0.776,GIN
Guinea-Bissau,0.01,0.011,1,1,GNB
Guyana,0.033,0.035,0.966,0.966,GUY
Haiti,0.072,0.109,0.868,0.868,HTI
Heard Island and McDonald Islands,0.042,0.048,,,HMD
Honduras,0.13,0.151,0.94,0.923,HND
Hong Kong,0.262,0.243,,,HKG
Hungary,0.138,0.143,0.94,0.943,HUN
Iceland,0.25,0.186,0.893,0.892,ISL
India,0.064,0.077,0.946,0.943,IND
Indonesia,0.025,0.022,0.933,0.934,IDN
Iran,0.026,0.024,0.926,0.926,IRN
Iraq,0.018,0.019,0.948,0.95,IRQ
Ireland,0.422,0.427,0.905,0.908,IRL
Isle of Man,0.267,0.231,,,IMN
Israel,0.22,0.181,0.661,0.666,ISR
Italy,0.171,0.184,0.893,0.891,ITA
Jamaica,0.134,0.203,0.906,0.901,JAM
Japan,0.066,0.088,0.895,0.894,JPN
Jordan,0.048,0.045,0.939,0.94,JOR
Kazakhstan,0.007,0.011,0.957,0.956,KAZ
Kenya,0.065,0.073,0.941,0.93,KEN
Kiribati,0,0,,,KIR
Kosovo,0.034,0.022,0.955,0.957,XKO
Kuwait,0.097,0.123,0.861,0.862,KWT
Kyrgyzstan,0.014,0.014,0.973,0.979,KGZ
Laos,0.013,0.018,0.956,0.957,LAO
Latvia,0.072,0.075,0.851,0.852,LVA
Lebanon,0.047,0.061,0.901,0.88,LBN
Lesotho,0.044,0.09,0.931,0.929,LSO
Liberia,0.008,0.011,0.626,0.657,LBR
Libya,0.002,0.002,0.952,0.957,LBY
Liechtenstein,0.009,0.006,,,LIE
Lithuania,0.103,0.09,0.926,0.929,LTU
Luxembourg,0.405,0.4,0.843,0.835,LUX
Macedonia,0.074,0.064,0.94,0.952,MKD
Madagascar,0.063,0.07,0.89,0.887,MDG
Malawi,0.038,0.042,0.918,0.922,MWI
Malaysia,0.076,0.077,0.93,0.938,MYS
Mali,0.002,0.002,0.928,0.94,MLI
Malta,0.148,0.138,,,MLT
Martinique,0.084,0.07,0.861,0.809,MTQ
Mauritania,0.005,0.01,0.888,0.864,MRT
Mauritius,0.265,0.405,0.865,0.865,MUS
Mayotte,0.071,0.234,,,MYT
Mexico,0.114,0.129,0.902,0.896,MEX
Micronesia,0.063,0.083,,,FSM
Moldova,0.055,0.049,0.865,0.828,MDA
Mongolia,0.014,0.02,0.95,0.949,MNG
Montenegro,0.07,0.058,0.901,0.915,MNE
Morocco,0.063,0.074,0.956,0.953,MAR
Mozambique,0.01,0.013,0.951,0.953,MOZ
Myanmar,0.011,0.013,0.954,0.952,MMR
Namibia,0.038,0.063,0.919,0.923,NAM
Nepal,0.05,0.051,0.908,0.929,NPL
Netherlands,0.558,0.629,0.682,0.675,NLD
New Caledonia,0.117,0.143,0.925,0.922,NCL
New Zealand,0.131,0.162,0.873,0.864,NZL
Nicaragua,0.064,0.075,0.916,0.913,NIC
Niger,0.003,0.002,0.956,0.957,NER
Nigeria,0.004,0.005,0.941,0.944,NGA
Niue,0.028,0.032,,,NIU
North Korea,0.002,0.003,0.656,0.656,PRK
Northern Cyprus,0.057,0.152,,,XNC
Norway,0.397,0.493,0.798,0.806,NOR
Oman,0.048,0.05,0.94,0.923,OMN
Pakistan,0.005,0.006,0.81,0.813,PAK
Palau,0.089,0.159,,,PLW
Palestina,0.155,0.16,0.74,0.704,PSE
Panama,0.151,0.15,0.855,0.854,PAN
Papua New Guinea,0.022,0.023,0.927,0.923,PNG
Paraguay,0.044,0.048,0.948,0.95,PRY
Peru,0.059,0.074,0.934,0.925,PER
Philippines,0.037,0.056,0.926,0.927,PHL
Poland,0.101,0.112,0.926,0.924,POL
Portugal,0.273,0.278,0.792,0.789,PRT
Puerto Rico,0.211,0.275,0.783,0.777,PRI
Qatar,0.078,0.058,0.983,0.98,QAT
Republic of Congo,0.003,0.004,0.969,0.971,COG
Reunion,0.564,0.677,,,REU
Romania,0.065,0.062,0.935,0.931,ROU
Russia,0.012,0.012,0.927,0.922,RUS
Rwanda,0.078,0.07,0.887,0.888,RWA
Saint Helena,0.023,0.011,,,SHN
Saint Kitts and Nevis,0.04,0.076,,,KNA
Saint Lucia,0.067,0.13,1,1,LCA
Saint Pierre and Miquelon,0.015,0.017,,,SPM
Saint Vincent and the Grenadines,0.069,0.12,,,VCT
Samoa,0.129,0.195,0.918,0.937,WSM
São Tomé and Príncipe,0.244,0.303,,,STP
Saudi Arabia,0.006,0.01,0.953,0.956,SAU
Senegal,0.026,0.026,0.972,0.971,SEN
Serbia,0.114,0.101,0.838,0.84,SRB
Sierra Leone,0.011,0.012,0.972,0.973,SLE
Singapore,0.14,0.098,,,SGP
Slovakia,0.126,0.113,0.935,0.942,SVK
Slovenia,0.128,0.112,0.928,0.928,SVN
Solomon Islands,0.04,0.059,0.921,0.907,SLB
Somalia,0.001,0.001,0.997,0.994,SOM
South Africa,0.174,0.178,0.913,0.913,ZAF
South Georgia and the South Sandwich Islands,0.112,0.157,1,1,SGS
South Korea,0.191,0.197,0.868,0.884,KOR
South Sudan,0.001,0.002,0.938,0.945,SSD
Spain,0.23,0.265,0.806,0.816,ESP
Sri Lanka,0.164,0.187,0.92,0.91,LKA
Sudan,0.001,0.001,0.971,0.97,SDN
Suriname,0.028,0.03,0.929,0.946,SUR
Svalbard and Jan Mayen,0.097,0.093,0.777,0.712,SJM
Swaziland,0.132,0.102,0.942,0.941,SWZ
Sweden,0.511,0.591,0.817,0.84,SWE
Switzerland,0.2,0.236,0.906,0.898,CHE
Syria,0.003,0.007,0.937,0.952,SYR
Taiwan,0.433,0.433,0.829,0.843,TWN
Tajikistan,0.005,0.005,0.919,0.917,TJK
Tanzania,0.032,0.045,0.941,0.936,TZA
Thailand,0.051,0.055,0.929,0.931,THA
Timor-Leste,0.066,0.088,0.955,0.942,TLS
Togo,0.009,0.009,0.97,0.977,TGO
Tonga,0.003,0,,,TON
Trinidad and Tobago,0.251,0.214,0.857,0.867,TTO
Tunisia,0.031,0.031,0.946,0.943,TUN
Turkey,0.08,0.084,0.938,0.938,TUR
Turkmenistan,0.002,0.001,0.981,0.985,TKM
Turks and Caicos Islands,0.056,0.069,,,TCA
Uganda,0.048,0.051,0.922,0.927,UGA
Ukraine,0.036,0.039,0.942,0.949,UKR
United Arab Emirates,0.105,0.11,0.91,0.914,ARE
United Kingdom,0.422,0.597,0.795,0.803,GBR
United States,0.252,0.284,0.867,0.875,USA
Uruguay,0.07,0.077,0.94,0.942,URY
Uzbekistan,0.01,0.008,0.976,0.978,UZB
Vanuatu,0.04,0.049,0.973,0.978,VUT
Venezuela,0.031,0.044,0.924,0.905,VEN
Vietnam,0.031,0.037,0.948,0.94,VNM
"Virgin Islands, U.S.",0.105,0.087,,,VIR
Western Sahara,0.008,0.015,0.947,0.945,ESH
Yemen,0.002,0.002,1,1,YEM
Zambia,0.015,0.016,0.955,0.951,ZMB
Zimbabwe,0.033,0.035,0.947,0.944,ZWE
