Species,Year,Records (n),SSII,SSEI
Panthera onca,2000,8,0.004,0.79
Panthera onca,2001,5,0.004,1
Panthera onca,2002,1,0.001,
Panthera onca,2003,3,0.001,0.918
Panthera onca,2004,1,0,
Panthera onca,2005,3,0.002,
Panthera onca,2006,5,0.001,0.946
Panthera onca,2007,13,0.004,0.885
Panthera onca,2008,55,0.008,0.652
Panthera onca,2009,17,0.007,0.96
Panthera onca,2010,26,0.011,0.905
Panthera onca,2011,75,0.011,0.851
Panthera onca,2012,23,0.01,0.947
Panthera onca,2013,40,0.011,0.797
Panthera onca,2014,55,0.013,0.868
Panthera onca,2015,62,0.016,0.872
Panthera onca,2016,109,0.016,0.675
Panthera onca,2017,142,0.016,0.691
Panthera onca,2018,45,0.02,0.919
Panthera onca,2019,119,0.02,0.673
Pecari tajacu,2000,121,0.007,0.805
Pecari tajacu,2001,68,0.01,0.795
Pecari tajacu,2002,39,0.006,0.772
Pecari tajacu,2003,20,0.005,0.91
Pecari tajacu,2004,59,0.009,0.744
Pecari tajacu,2005,60,0.008,0.565
Pecari tajacu,2006,156,0.008,0.343
Pecari tajacu,2007,108,0.008,0.698
Pecari tajacu,2008,107,0.013,0.817
Pecari tajacu,2009,96,0.011,0.682
Pecari tajacu,2010,123,0.013,0.708
Pecari tajacu,2011,299,0.009,0.647
Pecari tajacu,2012,287,0.014,0.712
Pecari tajacu,2013,188,0.021,0.618
Pecari tajacu,2014,137,0.02,0.847
Pecari tajacu,2015,209,0.031,0.701
Pecari tajacu,2016,155,0.026,0.852
Pecari tajacu,2017,212,0.04,0.883
Pecari tajacu,2018,278,0.042,0.888
Pecari tajacu,2019,343,0.044,0.86
