scientificname,year,grid,ssii,ssei
Eriocnemis vestita,2010,110km,0.121577233046119,0.921508829674202
Eriocnemis vestita,2011,110km,0.208418113793346,0.832228164554989
Eriocnemis vestita,2012,110km,0.243154466092237,0.80541494978747
Eriocnemis vestita,2013,110km,0.312627170690019,0.793406526751751
Eriocnemis vestita,2014,110km,0.382099875287801,0.754494451308663
Eriocnemis vestita,2015,110km,0.382099875287801,0.823770728005771
Eriocnemis vestita,2016,110km,0.451572579885583,0.695427174821866
Eriocnemis vestita,2017,110km,0.451572579885583,0.661756640575994
Eriocnemis vestita,2018,110km,0.451572579885583,0.67347790283592
Eriocnemis vestita,2019,110km,0.486308932184474,0.615951943683261
Oreotrochilus leucopleurus,2010,110km,0.0974564455055871,0.750201994486803
Oreotrochilus leucopleurus,2011,110km,0.0779651564044697,0.586280904278532
Oreotrochilus leucopleurus,2012,110km,0.126693379157263,0.545366208761163
Oreotrochilus leucopleurus,2013,110km,0.136439023707822,0.514744018143586
Oreotrochilus leucopleurus,2014,110km,0.175421601910057,0.576736261181183
Oreotrochilus leucopleurus,2015,110km,0.214404180112292,0.634476926113977
Oreotrochilus leucopleurus,2016,110km,0.243641113763968,0.559943121206373
Oreotrochilus leucopleurus,2017,110km,0.311860625617879,0.614649286280185
Oreotrochilus leucopleurus,2018,110km,0.233895469213409,0.537433458748205
Oreotrochilus leucopleurus,2019,110km,0.30211498106732,0.611572721528753
Eriocnemis vestita,2010,55km,0.051011662638541,0.889940314283687
Eriocnemis vestita,2011,55km,0.0828939517876291,0.853773593079625
Eriocnemis vestita,2012,55km,0.114776240936717,0.792888290479118
Eriocnemis vestita,2013,55km,0.159411445745441,0.782782336563233
Eriocnemis vestita,2014,55km,0.184917277064711,0.776260698976627
Eriocnemis vestita,2015,55km,0.210423108383982,0.795868880108793
Eriocnemis vestita,2016,55km,0.235928939703252,0.677241681791658
Eriocnemis vestita,2017,55km,0.235928939703252,0.678006558303669
Eriocnemis vestita,2018,55km,0.280564144511975,0.675181727473241
Eriocnemis vestita,2019,55km,0.312446433661063,0.621043665814764
Oreotrochilus leucopleurus,2010,55km,0.0442500194210353,0.831128641489207
Oreotrochilus leucopleurus,2011,55km,0.031607156729311,0.715536071580974
Oreotrochilus leucopleurus,2012,55km,0.0568928821127597,0.704310915266668
Oreotrochilus leucopleurus,2013,55km,0.0632143134586219,0.678294521157772
Oreotrochilus leucopleurus,2014,55km,0.0758571761503463,0.720299054484173
Oreotrochilus leucopleurus,2015,55km,0.107464332879657,0.704533201001054
Oreotrochilus leucopleurus,2016,55km,0.104303617206726,0.639960883930837
Oreotrochilus leucopleurus,2017,55km,0.161196499319486,0.698404937465945
Oreotrochilus leucopleurus,2018,55km,0.116946479898451,0.631912440249208
Oreotrochilus leucopleurus,2019,55km,0.158035783646555,0.685581215929151
Eriocnemis vestita,2010,27.5km,0.0282705655212209,0.879571697418804
Eriocnemis vestita,2011,27.5km,0.0478424954974508,0.893354326214339
Eriocnemis vestita,2012,27.5km,0.0587157899286896,0.811667637235601
Eriocnemis vestita,2013,27.5km,0.0695890843599284,0.831695281286405
Eriocnemis vestita,2014,27.5km,0.0956849909949015,0.819516483646946
Eriocnemis vestita,2015,27.5km,0.128304874288618,0.840692000928677
Eriocnemis vestita,2016,27.5km,0.113082262084884,0.766154238291908
Eriocnemis vestita,2017,27.5km,0.12613021540237,0.738968207038839
Eriocnemis vestita,2018,27.5km,0.160924757582334,0.72643058760762
Eriocnemis vestita,2019,27.5km,0.193544640876051,0.683765062935344
Oreotrochilus leucopleurus,2010,27.5km,0.0164527732443932,0.878438520812746
Oreotrochilus leucopleurus,2011,27.5km,0.0135493426718532,0.884614776274267
Oreotrochilus leucopleurus,2012,27.5km,0.0193562038169332,0.81115574317163
Oreotrochilus leucopleurus,2013,27.5km,0.0241952547711665,0.810386127388924
Oreotrochilus leucopleurus,2014,27.5km,0.0329055464887864,0.844171679023713
Oreotrochilus leucopleurus,2015,27.5km,0.042583648397253,0.811712736119351
Oreotrochilus leucopleurus,2016,27.5km,0.0416158382064063,0.750855595228353
Oreotrochilus leucopleurus,2017,27.5km,0.0696823337409594,0.776326422588073
Oreotrochilus leucopleurus,2018,27.5km,0.0474226993514863,0.737573665710947
Oreotrochilus leucopleurus,2019,27.5km,0.0716179541226527,0.759641391944803
